落落落落落落落,2018-07-06,较差,851,为什么有的国产剧的剧本完全完全对不起神仙阵容呢//改成两星，本来盼望着是人义2.0结果是摆渡人2.0//同样是于和伟主演的剧，军师联盟打了四星，这部打两星，比起质疑观众眼光，还是考虑一下剧本本身的毛病比较好。
924912464,2018-07-07,很差,942,不，我要去，你让我去我要去，你不让我去我就自己去，加上正脸大特写，我就知道，这部剧完了
听上帝耳语,2018-07-06,较差,706,这导演这编剧担得起这卡司？？？？不管怎样，最起码开篇要精彩一点吧？中年编剧写的油腻感情戏，台词一股自以为精彩的幼稚感，剪辑音乐什么的就更别提了，徐丽没有观众缘，连我妈都表示不想看她。
谦谦雯,2018-07-06,很差,717,第一集无力吐槽。徐丽的智商居然能当上警察，泱泱大国居然当街就火拼上了，警察连几个人都保护不了，人都死了，还有什么要保密的？莫名奇妙的剧情，莫名奇妙的剪辑，莫名其妙的台词。白瞎了这么好的演员了。
Sam打,2018-07-06,还行,582,徐丽保护工作是不是太差了....能想出来一万个理由先送孩子回较为安全的学校，先把刘备的表白接受了，嫂子就心安了，不至于气走单独出去这么危险，也有理由把孩子先送学校....暂时来看剧情配不上卡司，第一集每个大咖一个镜头露面的时候就像是看到了摆渡人海报一样心虚
孙悟空,2018-07-06,力荐,678,于和伟，徐峥，王劲松，侯勇，吴秀波，我的天
大官人,2018-07-06,很差,648,所有女演员毁了这部剧
常言道,2018-07-06,较差,477,这也太迷了，莫名其妙的情绪渲染和剪辑以及女主莫名其妙的演技
花大叔,2018-07-07,很差,345,演员好并没有什么卵用，制作一踏糊涂，台词不说人话，摄影配乐更是没带脑子，第一集的枪战简直拙劣和尴尬死…两集弃！
心花露放,2018-07-06,力荐,352,给曹操、刘备打电话
呆萌兔,2018-07-08,较差,246,剧情太尬，女主浮夸的演技让人出戏。
云之心,2018-07-06,还行,193,为于和伟，王劲松，吴秀波而来，不可否认的有尬点且剧情注水，还需进步，个人觉得评分应该和于和伟最烂那部《下一站，别离》对调，以及，发微博的于老师咱们能理性看待批评么，你演的很好很加分但是整体就是不行啊……
Borton,2018-07-06,较差,178,有这样的女警察保护，我很担心
辰树TK,2018-07-06,很差,184,好浮夸好烂的剧情……对的起卡司吗 狗血又爱显摆自己花了钱
搬砖侠,2018-07-07,很差,147,即使集合了一批老戏骨，也依然无法挽救整部剧的尴尬和浮夸，无论是剧本台词还是人物塑造和叙事节奏，甚至本来备受期待的演技加持，居然没有一样能做好。编导盲目得想要模仿美剧，开场一段假大空的长镜头过后，剧情就开始全面垮掉，角色不说人话，演员没有一个入戏，枪战场面更是幼稚，只能一星鼓励
荔枝白羊悅,2018-07-06,还行,97,这卡司这阵容你就给观众看这个吗，看在演员的份上不能全凭第一集给两星，可都2018了你们当现在的观众是编织毛衣边看吗，剧情有的地方狂想吐槽
reeves,2018-07-08,很差,152,我个人认为，枪毙一大批中国编剧，比限制演员高薪更能拯救国产影视。
FlameEyes,2018-07-06,较差,126,这剪辑太廉价了
橘猫,2018-07-08,较差,92,这剧情是什么鬼，一点逻辑都没有，台词也是尬的荒，白瞎了这么好的阵容
似水年华,2018-07-08,较差,88,节奏比较拖沓，剧情太弱，可惜了这么强大的男星阵容。
姬月梅,2018-07-07,还行,43,看了两集，还行吼
强迫症不能好了,2018-07-07,还行,40,女主看不下去，男性角色卡司都还不错。
樂安,2018-07-07,还行,32,节奏挺快，剧情还不错，还挺好看的。
阿果,2018-07-07,还行,64,后面的剧情还不好说，但编剧一定对化学专家有什么误解，学化学的不代表就会做炸药还会做烟花......
白玉堂,2018-07-11,还行,27,卡司还不错，大咖抬轿，但是剧情有点一般，看上一集猜得出下一集内容。
🙈敏,2018-07-08,较差,56,看了前面几集，感觉有点假，明知道他们在追杀吕云飞的家人，最后还能一死一重伤一疯，让人不能理解，对不起徐峥、吴秀波这样的大咖加持啊，男女主的演技真的有点尬，尤其是男主，不喜欢
苹果,2018-07-08,较差,55,剧情太弱甚至有点假，这部剧里目前没有get到于和伟老师的演技。
李甫,2018-07-07,很差,71,垃圾这么多大卡拍这烂剧，特种兵系列升级版，
爱吃地瓜,2018-07-07,还行,46,演员都是大咖，但剧情有点弱，而且女主现在看演技差些。
这么近那么远,2018-07-07,较差,72,看着阵容我是满怀期待，第一集看完了。BUG就不说了，目测波叔是打酱油的。剧情实在不紧凑，于和伟这是要往“绝命毒师”的人设去吗？感觉期待越高失望越高啊。国产剧剧情实在是拖沓，基本上是快进看完。难怪现在各大视频平台都有加速播放，想来也是为客户着想吧。
纤指十三,2018-07-08,还行,21,还行
顾詞,2018-07-07,还行,23,这阵容可以的，剧情还需观望。
反派笑眯眯,2018-07-07,还行,15,卡司还不错的样子，目前看剧情还可以，再观望一下。
Reaper,2018-07-07,很差,64,再好的阵容也挽救不了这稀烂的剧本和粗制滥造的制作
北望,2018-07-06,力荐,106,缉毒+卧底，绝对好看，于和伟的演技简直炸裂，大咖都演boss，期待他们早点出来。现实主义题材终于崛起了，特别好。
Tone调的悲伤,2018-07-07,还行,25,为演员阵容叫好，但剧本还是很遗憾
乌鸦火堂,2018-07-19,很差,18,这个阵容，这个题材，这个故事，结果拍成这样的狗血效果也是日了狗了
瓜瓜饼饼,2018-07-09,较差,31,一直觉得张丹峰演戏特别尴尬……
南极蓝湖,2018-07-07,较差,57,只看了第一集，注水严重，剧情混乱！目测除了于和伟，其他戏骨都是打酱油的，别被预告片骗了！2星观望
会发光的小树苗,2018-07-07,还行,43,好看，演员演的好，目前更新的剧情节奏挺快的，再次感慨演员演的好。//浪费了演员。。。剧情杰克苏，目前的女性角色竟然没一个喜欢的
雪里花蕾,2018-07-07,推荐,59,可以的，这部剧，光从演员上就能发现，有蛮多特种兵里面的好演员以及大牌明星，阵容可以说很豪华
空山,2018-07-08,较差,26,看了前三集，还挺难看的。一开始从这个角度切，观众本身不会有共鸣，哭戏感情戏更是尴尬。对于各方势力的刻画几乎只凭单薄想象，剧情推进非常粗糙，无细节。
小魔鬼,2018-07-07,还行,27,这么好的演员阵容，卡司这么强大，可是为啥剧本不是很好呢。开头的剧情被剪辑的有点混乱，女主也不是很讨喜，看看后面的剧情怎么样吧。
梦梦,2018-07-09,还行,26,这么好的演员阵容，真的是浪费了，剧情不够撑不起演员啊，女主存在感也是够了，为了那几个实力男演员给了个及格分，浪费了的演员的颜值演技了
迷影,2018-07-08,很差,52,两集弃！被这个阵容吊足了胃口，结果开篇两集拍得如此低劣。演员好并没卵用，剧本才是根本。真的怀疑剧本是一帮外行短时间内攒出来的，故事讲得拖沓又混乱。两集九十分钟就只有一件事：吕云飞殉职了。注水太多也就算了，叙事手法如此low逼，也是出乎意料。
moneyqxq,2018-07-08,还行,15,阵容挺强大的，但是剧情有点弱啊，希望后面能够好看一些。
我要加油,2018-07-09,还行,20,总体还可以吧！都是老戏骨了，
枫丹白露,2018-07-06,很差,45,吕云飞的女儿是什么鬼？私拆别人包裹？她妈看着这么有教养，怎么教育出这样的女儿，这么好的题材，为什么不能给所有角色相符合双商呢？第一集是彻彻底底的低开！但愿编剧脑子后期正常，能高走！还有最要命的是这个剪辑，让人看的很迷茫啊！说好的保护，结果烈士的子女一个被撞，一个中枪？
安迪,2018-07-08,还行,10,男主是老戏骨了，演技肯定在线的，可是剧情太尴
小小小新,2018-07-07,还行,21,电影阵容，网剧制作？
面朝大海,2018-07-08,较差,23,演员阵容强大，但编剧太不给力了。
吹不散眉弯,2018-07-09,较差,21,剧情真的不行啊，女主也很赶客，浪费好阵容好题材。
葱花饼,2018-07-11,还行,11,于和伟，吴秀波，浪费了强大的阵容。剧情严重拖后腿，白白期待了。
无聊的人生,2018-07-11,还行,14,剧情有点不太行，浪费了那么多好的演员
鲍鱼小王子,2018-07-07,很差,43,一本正经的瞎拍。这些大咖不觉得尴尬吗？
小十三,2018-07-09,较差,17,演员阵容很厉害啊，台词和逻辑明显跟演员磁场不和
死鬼,2018-07-09,较差,20,这种卡司就拍出来这样？
锅包又又😜,2018-07-07,还行,23,感情戏不要太多了，剧情希望合理点，感觉女主有点撑不起来。
长太息以掩涕兮,2018-07-06,还行,27,"这个阵容啊全是大牌实力派男演员。
但是看了一下觉得一般吧不管是配音还是拍摄效果，还有点鼓弄玄虚的感觉，女主看着特别不自然！似乎还是中了缉毒剧的套路，麻烦下一个缉毒剧不要叫“滨江”“海滨”“滨城”了。。。"
爱看电影的少年,2018-07-09,还行,16,为了张丹峰而来。不过主角的演技实在有点尴尬，尤其是那个呕吐的时候太假了。
123木头人,2018-07-08,还行,14,于和伟现在的电视好多啊，对他的电视有点疲劳了，剧很好，主角代入感差。
BINGBINGBING,2018-07-06,很差,33,拍的这是什么jbwy？？ 那么多戏骨大咖，陪一个傻哔剧组玩。
王导,2018-07-07,很差,37,刚开了几分钟，一句“我要去”把我吓跑了。
最初美好,2018-07-08,还行,14,演员陈容可以，期待后面，
Shelia Liu,2018-07-08,很差,12,投资两个亿也没请美术组吗？？？化学家的实验室长得像快乐星球里的？？？调色用的十年前的滤镜？？？
yangzilan,2018-07-10,较差,16,阵容很强大，但是剧情很尴尬，白瞎了这么多好演员。
小斯存,2018-07-09,力荐,41,"凭心而论，前两集真是闹心，全靠于和伟硬撑住的。后面再看我会改个中肯的评分。但是我就不明白了，隔壁镇魂都能上了6分，脑残粉在下面无脑五星。猎毒人才出了三集，怎么惹到你们了？三集的情节就让你们打了死分了？一众卡司的演技不够还是怎么的？"
Gordo,2018-07-07,很差,33,虽然只看了一集 这绝对是个垃圾片 对不起这么多演员
艾米莉,2018-07-14,很差,19,一个漏洞百出的烂剧本，一个演技浮夸的女主角，生生毁了于和伟。
叶子的眼睛,2018-07-07,还行,12,剧本和演员阵容和演技不匹配啊，找不到吕云飞的尸体，抓不住毒贩就算了，还保护不了吕云飞家属是什么鬼？还有大街上枪战是认真的么？
酥麻拉姑,2018-07-07,很差,36,演技浮夸，女演员除了嫂子，一水的睡上位拿到的角色吧？
Kun,2018-07-07,很差,29,看了十分钟，弃
七七,2018-07-10,还行,14,给于和伟大叔三星
爱辣不吃辣,2018-07-08,还行,16,不管你是大卡司老戏骨，还是流量或者是青年演员，都应该公平相待，剧烂就是烂，不是说你这部戏老戏骨多就可以原谅剧烂的事实！
李小丢,2018-07-11,很差,18,侮辱智商，编剧幼儿园文笔，导演有脸看看自己拍的是什么东西吗？网红脸女一是带资进组还是潜规则？假睫毛厚的可以夹死一排苍蝇。侮辱我党治下的边陲城镇，更侮辱真正奋斗在缉毒一线的警察和日夜坚守在边防站的武警们。这种脑残片才是最应该向广电总局举报的玩意儿。
笑书神侠倚碧鸳,2018-07-13,较差,11,只能说糟蹋了这么多好演员啊！
蓝玄恩,2018-07-23,较差,5,果然拖沓，那么多大牌实力派，可惜了……
你看起来好像很,2018-07-07,较差,31,这女警察演的太用力了，看着尴尬。猎毒人和猎场一样，卡死强大，但是制作的太廉价了。
归安,2018-07-10,还行,13,pick一下于和伟，中年大叔帅帅哒，阵容也算强大，剧情是硬伤啊
的怄,2018-07-11,较差,17,剧情和演员阵容严重不成正比
难忆梦语2719715,2018-07-06,力荐,53,很精彩啊，看老演员们同台飙戏，剧情很紧凑，很紧张，看到小峰死的时候真的哭到不行，后面继续追剧
le  Chat Noir,2018-07-08,很差,10,弱雞劇情。金三角小販現在上不得檯面了。
Shen_Chocolate,2018-07-09,较差,20,本年度「编剧对不起卡司」系列冠军。女主人设令人发指，设想一下现实中公安是这副模样的话，人民安全何以保障。不过三十集之后剧本略有回升。
玮玮,2018-07-10,较差,11,如今的影视作品只能靠着明星卡司阵容来掩盖漏洞百出的剧情，可是这样的“包装”又能骗过众人的眼睛吗？
心中有片绿茵场,2018-07-06,较差,23,"刚打开电视，第二集开始看的，已经煽情煽了半集了，再见绝命毒师风的海报又能减一颗星了"
CCCC,2018-07-14,很差,14,因为没有剧情，所以只好说一下让我最为尴尬的女主。女主全程都在煽情，没用的台词和大道理听得人浑身不舒服，台词多的同时，逻辑性还差，这个剧可以下线吗？
考伯沙拉酱,2018-07-07,较差,17,导演能力对不起卡司阵容
天羽翼,2018-07-07,很差,24,看过2集，太慢了…智商大概连1min都没在线…而且波叔第一集就盒饭了…
boks,2018-07-17,较差,6,"1.5倍速，部分双女多女哭戏2倍速，弹幕解尬，都夸女一号有背景，哭戏拖戏担当。二十二集演技担当赵毅死了,二十六集线索担当蝎子挂了"
越难越爱,2018-07-08,还行,8,本来冲着这些卡司还是很期待的，结果看了两集，真心想把女主线去掉，感觉就像多余的一样。
曾一龄,2018-07-21,很差,9,这剧应该叫《哭死人》才对，女主是靠哭考上的警校吗？？？
坐等1900,2018-07-08,很差,16,剧情巨扯 50多岁的教授表白追踪深入敌后 请问每天在实验室的中年男子是怎么有体力战胜各路小流氓的？虽然按这个剧本 谁演主角也不会出彩的 但是找个年龄合适的至少看起来不那么违和吧 三集弃 尸体30-40岁 主角50岁 有必要再验DNA吗
王無為,2018-07-10,很差,15,导演野心蛮大的 女主角内心戏也忒多了    能力比不上野心 内心戏也变表面。 另外麻烦不要老是自以为是的用镜头语言好吗？电视剧老老实实拍会死吗？
1999 荔枝味,2018-07-12,较差,12,这女主角选的，第一集就在赶观众，剧情也没啥逻辑，这种智障是怎么当上警察的？看在有这么多喜欢的演员，就两星吧。
思念是一种病,2018-07-08,还行,5,演员阵容真是强大啊，但剧情上还只是一般。
一颗老灵魂,2018-07-11,很差,17,一个演技莫名其妙的女人毁了全卡司，弃
帕泽德盖伊,2018-07-06,还行,7,前两集有点失望啊………这警察间的三角恋戏是什么意思…一定要拍这种戏吗？
baiwen283,2018-07-12,很差,14,女主、女配、女三，……没有一个会演戏的。女主最差，女配小女警扮傻却真傻，女儿梦瑶乍看貌似漂亮，却不耐看越看越丑。演母亲的刘威葳演个精神病人，被绑着躺在床上还涂了红红的口红？为化妆品公司做植入广告吗？果断弃！
阳宝无敌,2018-07-07,很差,22,你们这些打四星五星的真的是人吗？看阵容就直接五星？这戏真的比绿场还难看
豆油,2018-07-22,很差,8,辣鸡剧，再说一遍，垃圾剧。配乐台词强行煽情，日常生活动不动就来真特么醉了，这很于和伟。编剧简直就是脑残，贩毒和卧底搞得想小孩过家家，想什么来什么，毒贩和警察演的都像傻子一样，完全在主人公意淫的套路之内。还有，忽悠观众的一点是请大牌露个面，然后领盒饭。但回忆的镜头却贯穿始终。
小方方爱小兰兰,2018-07-25,较差,9,白瞎了这么多演技派，剧情真的好弱智。
不再,2018-07-19,还行,6,现在的豆瓣戾气真重 或者说现在的网络戾气真重 单纯看剧开开心心的 一上豆瓣看到评分和评论就犯恶心
坎坎坷坷哟,2018-07-18,还行,3,剧情硬伤，这说明再好的演技也救不了剧情，少喷点花生吧，老戏骨也一样无能为力。
AMIGO JIM,2018-07-07,很差,25,"抱着这么高的期待值，
第一集就给我们看这么油腻的中年乡村爱情故事"
冬瓜糖,2018-07-20,较差,10,传说很吊，一看结果是狗屎。导演和编剧就是脑残，演员演技底下，徐丽这种人怎么能当的警察，警察保护人每次都是被人跑了。吕云鹏那是卧底？一点不像贩毒的，像这片子里这样当卧底早他妈死一百次了。居中感情戏太多了，不停的唱歌，真是烦死了
暴富的女孩是我,2018-07-09,较差,8,神仙阵容 故事讲的太过刻意了
sara,2018-07-13,推荐,18,4.6分不至于，开场就看见波叔出现，依旧雅痞范儿的帅，从第二集开始于和伟开始的复仇，尤其是听闻兄长过世时的情绪表达很到位
猴面包,2018-07-07,较差,19,开场十分钟本来觉得不错，结果越来越糟糕，烂剪辑和剧情像在凑时长。
小哲哲1980,2018-07-10,较差,10,好难看啊！
小满,2018-07-09,较差,11,白瞎了卡司的烂剧本 女演员一个比一个脸僵尴尬
茶底世界,2018-07-07,较差,14,又是剧本对不起演员的又一案例，快醒醒，剧本最重要，好好培养编剧才是正道。
susan,2018-07-07,较差,17,年轻人不行啊！镜头剪辑都不好
Gioro,2018-07-24,推荐,4,这评分什么意思.....内地好不容易有个像样的卧底警匪剧了。
司衡树,2018-07-22,较差,5,2倍速是本剧必需品，多一星是给赵毅的。
无名无幸,2018-07-09,较差,10,剧情弱智，几个大牌明星也拯救不了这是烂片的事实，多学学香港警匪剧吧
朗月未央,2018-07-15,较差,7,剧情太水！！一星给于和伟，一星给吴秀波、王劲松等金牌等配角！！缅怀计春华！剧中如果让他扮演蝎子，那就出彩了！！
AKA小谁,2018-07-18,很差,11,以我个人所见，吴秀波就是被这群警局傻逼活活气死的
no bargain,2018-07-24,力荐,7,这是一部慢热的剧，本来想打三至四星的。但看到那些很多刚开播就打一星的，其实没那么差。而且我觉得剧情其实挺不错（虽然有点扯）。主角为了复仇到了明山跟毒贩周旋，然后机缘巧合又卷入了金三角的吴楚争霸。适合陪长辈看
胡萝卜须,2018-07-07,很差,22,瞎几把剧情 真的白瞎了一波好演员
柳塘新绿,2018-07-12,较差,10,我以为能爆的咖……结果好失望啊😞谁选的女主，觉得她演技一点都不自然，像是硬凹的样子，而且最主要的是导演和编剧，完全看不起我们的智商！
九七年,2018-07-07,很差,19,真心不知道这么尬的剧本是来干嘛的……还搞这么多腕露脸……辣鸡……
淘乐妤,2018-07-16,很差,11,这部剧单拿出那个主演都很有看头，可拼凑到一起怎么会这样烂啊！张丹峰发火都透着娘炮感，我也是醉了。女主男配们好像一直都是某款军旅题材剧的固定班底，而且拍摄手法剧情也是一路的，除了多拉来的俩男主，这是什么鬼。演梦瑶的到底会不会演戏呀！哭的有点诚意好嘛？没眼泪就别给特写啦！
赵鹏飞,2018-07-08,很差,19,求大家不要被骗，不值得看。标价仅仅是预警一下。大咖都是过来帮忙的。女主角是用力过猛毫无演技，剧作不然网大。开篇都这样，还如何抓人往下看呢。剧名模仿猎鹿人，海报抄袭绝命毒师。
a咧咧,2018-07-19,较差,8,这剧太对不起中国缉毒警了，缉毒哪有那么容易，男女主角前脚毒贩老巢出来，后脚就去了警察局？？？
宋海澄,2018-07-19,较差,15,我特别好奇从来没人吐槽于和伟一板一眼的台词吗。
血色郁金香,2018-07-20,很差,6,什么玩意儿，不怪演员，编辑和导演太傻逼了。
秘密在机械操作8,2018-07-24,较差,3,女性角色全程快进，女主这个角色的设计上有明显瑕疵，过于感性，张嘴就是担心男主安全，婆婆妈妈，缺乏职业性，不像个心思缜密的人。但后期秒变专业卧底，而且本事还很大，反差过大。另外，有不少关键情节实在经不起推敲，太假。
云极,2018-07-24,推荐,3,不明白为什么这么多负面评论，剧情不圆满是事实，但远强于脑残宫斗剧，和许多男主剧一样，男主们演技高，年轻女角的不尽人意便显得明显，但以女主为例，也比脑残宫斗剧里的女角高级太多，难道因为默认了宫斗剧脑残，就莫名其妙地脑残性高分，对现代剧则sjb似的吹毛求疵吗？？？
连二宝他姐,2018-07-24,较差,4,看到27集实在受不了了，根本不知道在看什么，剧情破碎漏洞大，不刺激，不专业，jiangyinan和mengyao两个女角色又单薄又令人讨厌，配角的出彩掩饰不了整部剧的扑街，张丹峰勉强还行，于和伟一个人也救不了。
光明使者winner,2018-07-06,很差,22,期待值过高了
颜小琛,2018-07-16,较差,13,看多了拉低智商，里面的女性角色基本上可以说都很傻缺了
甲大方,2018-07-23,很差,9,你拿演员阵容骗我，我还推荐给了我爸，现在我爸开始鄙视我……闹家庭矛盾了！
尼克斯,2018-07-26,很差,4,第一次见卧底在毒贩的地盘上街头还能悠哉喝茶的。梦瑶怕不是个傻逼。
梅婆小公举,2018-07-15,较差,8,期待有多高失望就有多大，这么好的演员阵容，完全被编剧和导演糟蹋了。女性角色个个跟智障一样，存在的唯一意义就是给男主们添麻烦。一个卧底多年的干练女警硬是被写成了又哭又闹的琼瑶女主......看在于和伟的面子多大一星，不能再忍了
北以安,2018-07-07,还行,6,演员配置挺不错的啊，这剧情有点失望，看后期能不能好一点
爱的镇魂歌,2018-07-12,还行,1,故事倒是很一波三折，也是看下去的最大动力。可惜经不起推敲，戏越做越假马脚一箩筐还能唬得住人，根据展开需要智商轮边儿下线，国外篇靠胆子，国内篇靠银子，脑子时有时无看着气人。中年油腻爱情和学生妹傍大叔两条感情线是又臭又长，连我妈都不爱看。原来蓝色的这么难搞，看这儿觉得老白真是厉害。
ZhangYiqing,2018-07-07,很差,18,这强大的阵容，这垃圾的演技，和雷人的剧情
萌萌哒,2018-07-13,较差,7,出场了那么一会，就变成相片了？
小落落,2018-07-07,较差,19,快进看完前两集，瞬间从无比期待到无比失望
女宛心兑,2018-07-11,较差,6,剧情真的是硬伤，都什么跟什么啊。
种玫瑰的兔子,2018-07-08,较差,9,白瞎了这么多实力男演员，这剧本是来搞笑的么，那个女主一开头就挺浮夸的，后面听闻波叔死了所谓的保护方法好想问问她是怎么当上警察的，人物台词浮于表面，看得出经费挺多，为什么不弄个好剧本拍
宝贝,2018-07-10,还行,5,这剧情可惜了这么多演技派
展望,2018-07-06,力荐,47,这是一篇大作，实力阵容，值得关注
lris,2018-07-06,还行,8,看到山争哥哥、波叔、劲松宝宝都是特别出演心就凉半截，加上女主浮夸演技，剧情节奏慢，先为曹操打三星，继续观望
Cassiesuli,2018-07-12,很差,14,女主角烦的一逼，内地什么时候来个像样的女督察
二二,2018-07-15,很差,10,缉毒片非搞什么感情线 女主蠢的一笔 要她干嘛
么么哒,2018-07-26,较差,8,中国电视剧需要的不是好演员，而是好编剧
Tracy,2018-07-22,很差,5,剧情捉急 白瞎了那么多好演员
Lucius Fabius,2018-07-13,较差,6,"他们想在谄媚流俗获得人气和坚持自己背对观众之间寻找妥协和兼得，于是，什么也没得到。为何不敢精简无用的感情线？

导演编剧们，你们是懦夫。你们对不起老戏骨。"
2047,2018-07-10,很差,12,太浪费演员了，没剧本的话请多少明星都白搭，勉强看完一集已是煎熬。节奏这么慢，你当现在的人都没事干？还是以为这世界上就你们会拍电视剧？
Arsima,2018-07-08,很差,15,看了三集，用了看一集的时间，大部分时候都在快进。突然发现，导演和编剧的门槛可真是低啊，是个人就能干。
凡人,2018-07-09,还行,8,哈哈哈，至少演员阵容不错；对剧看涨
江湖时代,2018-07-07,较差,12,一集乏味，看两集还是啰嗦，弃。
羽毓,2018-07-24,推荐,3,我觉得挺好的呀，为啥分这么低？
H_Salamanca,2018-07-17,力荐,15,这部编剧还是有点青涩的，前十集的节奏比较难把握，跟绝命毒师的第一季比起来差不少，所以很多人看了几集就给1星了，可能国产剧的观众还不能适应这种慢热的节奏，给5星，后面开始渐入状态，是个不错的剧！
桐剪秋风,2018-07-11,较差,5,吴秀波原来就打了个酱油？第一集观看就特别气愤，这个女卧底忒弱，只会哭，这哪像保护吕云飞的特警，行动力太差，完全不合格。大人死了，也让人家孩子全完结，就算是剧情定了这个结果，但这样安排真让人心颤栗。编剧太气人了，一切都发生了，救援空降了，有个毛用
sun,2018-07-09,推荐,19,本来只想打三星，但是5.4是不是太过分了？勉强4星吧。目前看，男主真的有点老了，演技也拯救不了啊。徐洪浩陈排长一如既往的不错，赵荀不再是二牛而是毒贩集团杀手，可能是我的特种兵滤镜，就是很喜欢他们，包括角色不讨喜的侯梦莎。
Capreolusฅ,2018-07-07,较差,17,"海报把吴秀波放第二排结果就几个镜头?

徐丽怎么做的家属保护工作?

滨江映射的哪儿? 就算是云南广西也没有聚众当街开枪的吧。

叫童童的女警简直猛戳我尬点，她怎么当上的警察?

男二漫不经心的样子，和徐丽以及小弟们吃饭的时候，简直像个小流氓头子，哪像个警察?

两星给于和伟"
DP猪,2018-07-10,很差,9,看了一集实在看不下去了，蜜汁尴尬式节奏混乱。话说，以后不能看弹幕，这样我还能打一星半
富兰克林二世,2018-07-11,还行,2,这剧情跟不上配置呀
1木丶,2018-07-22,很差,7,？？？？
八喜的世界,2018-07-07,很差,20,编剧逗我？
安宁,2018-07-11,较差,10,冲着演员来的  可是编剧是小学生吗
羊老爷,2018-07-21,很差,8,编剧要么是傻子要么是把观众当傻子，真是恨铁不成钢！！！白瞎了那么好的阵容！！！
Vivian,2018-07-15,力荐,16,演员演的都非常好，豆瓣这个评分太低了，觉得四星应该是正常的，拉高一下，爱看的就会关注电视剧本身的情节和演员的表演，真的非常好，喜欢看，爱看
Muggle,2018-07-09,较差,7,演员阵容不错 这编剧功力真心不敢恭维 拖沓的不行 编剧是不是仇视女性 这剧目前的女性角色(吕云飞妻子、女儿，女主，那个什么童童…)有一个正常的吗？啊？还有各种无力吐槽的神逻辑……太失望了 浪费这种好题材  啊对了 正是有的人对这种剧宽容  国内影视才发展不起来
小太阳,2018-07-12,较差,8,大腕都是客串的，白瞎了这么多演员，女主和剧情都太赶客了，警察只会哭哭啼啼，节奏慢的要死，看了7集弃了
Four-,2018-07-14,很差,6,编剧真不行
littletwo,2018-07-13,很差,6,CRAP
行走天下,2018-07-19,力荐,6,还不错吧，我挺喜欢的
the vampire,2018-07-24,较差,4,阵容强大剧情拖沓
瓦达西瓦又又又桑只爱这巧克力,2018-07-15,较差,6,看了两集觉得还可以，至少可以忍，但是越往后看越觉得无脑。可能是前几集的大牌客串让我产生了幻觉？看到编剧第一位是于和伟工作室瞬间明白了一半。。就是那种自以为聪明帅气有魅力的设计。。但我们观众真是get不到。。。女主真是模样一般还特别作演技还非常差，哭的时候只会捂嘴是什么鬼，真是不知道怎么做演员的。。片尾曲蛮好听的。
Deca,2018-07-20,很差,10,味同嚼蜡，这两年那么多优秀刑侦剧，在这一部一夜回到解放前。主角什么鬼，自恋一样用力的演技，配角比主角抢眼。
杨浦小囡,2018-07-13,还行,2,这节奏感太慢，放了10几集了，警察一个犯人都还没抓住，竟只讲了一堆儿女情场，家庭之间的琐事
马里布,2018-07-08,很差,15,缉毒剧为什么要在开头放大情感 当看到有50集时就已经开始担心了 国产剧要是还在专类剧放入影响观感的感情戏就真的毁了 人民的名义开头就用三集引入触发整个剧情的导火索 干脆利落 军事联盟也用三集表现了人物关系和人物性格 连自家的剧都比不过还是弃剧吧
曲有误,2018-07-24,还行,2,徐丽这个角色看得想打人，两份扣下
海洋,2018-07-22,很差,6,一星，都是啥和啥呀
行色人生,2018-07-28,很差,3,陪老婆看到三十集时完全要吐了
徐老湿,2018-07-09,较差,10,真是可怜那么多好演员了~~~这次的锅可以全丢给导演和编剧了。两个字：菜逼。
德玛西亚,2018-07-09,很差,13,真是一塌糊涂……镜头一直快闪，还非要配上唰的一声，一次就算了，一集几十次，导演觉得这样很帅吗？很low好吗！一点审美都没有！配音泛滥成灾，剧情镜头一点都不紧张，音乐非要一直响个不停，卧槽那是噪音好吗！所有人演技全面下线，贩毒题材第一集跟过家家一样……能吐槽的太多了
每天怂到底内心,2018-07-19,推荐,6,还不错，糟点不多
人,2018-07-18,很差,6,弱智吗？编剧和导演都是摆设？打一星都是给阵容，
我在看电影,2018-07-07,很差,18,"没看前：哇，于和伟，吴秀波，徐峥，期待！
看第一集后：这矫情的台词和剧情有点不妙啊，再看一集试试
看第二集后：这剧情。。。这年轻的牛逼的副大队长。。。很凶。。。我输了，我走。。。"
呆萌小七,2018-07-10,还行,8,这阵容，这剧情，这女演员…我的星给男人们
草叶清香,2018-07-07,很差,28,一星给于和伟，和只有几个镜头的波叔徐峥王劲松，女警不是应该跳上车跟被保护人一起走吗？让被保护人自己开车走了是什么操作？编剧是强行让家属挂啊！
小林同学不高兴,2018-07-13,还行,3,演员都是从我是特种兵里挑的吧
harvey少校,2018-07-15,较差,9,女主哭丧着脸，天天更年期发脾气，一点正事不办
冷眼看剧,2018-07-14,较差,8,剧本塌了，任凭多少戏骨也救不了。
心中的浮萍,2018-07-19,较差,7,"制作上可以说是非常业余的一部剧。
音乐滥用到令人心烦，镜头处理还不如法治频道普法剧，大量的小景深和不停地晃动快切看得难受，剧情拖拉空洞没逻辑，台词尴尬。
男二演技挺不错的，女主也还行，但是我感觉男主演技不是很好，他对于人物情绪的表现太浮于表面了，台词功底差。
整部剧浓浓的山寨感。"
星夜行,2018-07-07,很差,12,剧版「摆渡人」，男性全明星阵容，毁在编剧手上了，豆瓣居然没注明导演，大概导演也怕被喷出狗吧。
克莱尔汪,2018-07-12,还行,6,三星给曹操，跟到我妈看了几集，真的受不了那个女主，一天都只晓得喊吕云鹏，感觉她除了这句台词没别的了，一集至少喊100次，另外还是缉毒警察，感情用事智商堪忧！
阿久,2018-07-12,较差,9,快告诉我！看第一集，把女警察大哭，和后面吴秀波失踪联系在一起，以为他俩才是恋人的！！不止我一个！
蕾蕾,2018-07-09,较差,8,没有吴秀波徐峥什么事
艹,2018-07-06,力荐,23,上一次我看阵容打五星的还是白鹿原
Euler557,2018-07-16,力荐,16,也许刚开始两集不起劲，但是越看越有味道。配角赵毅和老鬼演的真好。如果没有猜错，快递单的邮编是警号，暗指乔队。乔队应该和楚天南合作，是明山警界内鬼。如果要问我怎么知道的，是剧情特别提起赵毅的警号，包括赵毅特别纹在身上的警号。这个应该是促成吕云鹏发现这个秘密的由头。
大狗哥,2018-07-08,很差,13,演员阵容强大，但在第二集就弃剧了。。原因就是，看到云南一线缉毒队长和身边的跟班花痴丫头浮夸的演技，瞬间将一部还有点儿看头儿的作品，拉到了一个脑残到隔着屏幕都觉得尬的程度。镜头感很弱，有时候场景切换的莫名其妙。很失望。
_远远远远远远远,2018-07-07,很差,9,"1集看下来可以基本确定是骗粉雷剧了……第一集展现出来的人物智商真是惊天动地。
看了于和伟老师的回应，实在佩服。一个通俗作品面临差评的时候，第一反应不是反思作品是否存在不足，而是居高临下地转载批评观众不懂、观众不行的文章。这种态度，堪称无耻了。"
等等等等等我呀,2018-07-12,还行,9,完全不想看女主的戏份
cattylee33,2018-07-10,较差,4,剧情硬伤啊，白瞎了这么多好演员。
跳跳虎,2018-07-19,很差,7,智商是硬伤
旭影,2018-07-21,很差,6,第一次碰到剧情（演技）不够，BGM凑！！！
曦之风影,2018-07-07,很差,14,什么玩意啊。。看阵容想打五星，看了半集啰哩啰嗦想打四星，看了一集扯淡的女警察就想打三星了，结果看到第二集于和伟一个人去报仇就必须打一星了。。。你有线索你不告诉警察你自己装什么逼呢！这个编剧拉去鞭尸吧。。。
老实人真老实,2018-07-21,很差,7,室友天天没事就看几集，真的太垃圾了，这种题材电视剧居然拍的漏洞百出，根本没法看。可怜了于和伟了
diaoyu,2018-07-07,很差,10,让我再次感受到被归去来支配的恐惧，其实这片是沉默中老年爱情剧，浪费了来客串的大咖们
Irene.Ho,2018-07-18,较差,9,一个女督察，每集都哭，每集都哭，请问你真的是女警吗？
low咖团长,2018-07-07,较差,13,本来期待挺大的…这演得是个啥…女孩被撞这个慢镜头啊…倒地还很优雅地缓缓放下双腿感觉在看女团表演…
小天使的白衣梦,2018-07-09,很差,12,可以给半星么？这么强大的阵容，狗屎导演和编剧，徐丽是什么鬼，演技差，看到都烦
Melissia,2018-07-20,还行,6,侄女很烦
金金邹,2018-07-08,很差,14,赶紧把女主的戏份全部删了！！！看到就想吐
一片冰心在玉壶,2018-07-07,推荐,16,昨晚看了两集真的不够看啊。
小同学,2018-07-25,推荐,5,后面确实越来越精彩了，虽然漏洞很多，但抛开这些来说，两位大毒枭上线还是蛮好看的，少点zz梦瑶和江的戏，感觉评分能高不少
永恒的歼20,2018-07-24,还行,3,看到33集，于和伟的演技不错，就是这导演和编剧太垃圾了
春暖花开,2018-07-07,很差,18,除了于和伟之外，其他都是些什么鬼？？？什么狗血剧情
Lyon,2018-07-09,较差,5,剧情太拖沓，啰啰嗦嗦的，还乱加狗血感情戏。
白色月光,2018-07-13,很差,10,不是我刻薄女演员，但这些女演员真的毁了这部剧，浪费了我的于和伟老师。
慧達君,2018-07-11,很差,4,1集棄
回不去的时光,2018-07-08,很差,6,为什么看了几分钟就嫌弃剧，不怎么好看啊！
对你爱不完,2018-07-09,较差,9,多好的阵容啊！！！
泡泡糖粘在头上,2018-07-11,较差,8,再好的阵容也拍不出牛逼的电视剧，女主简直就是灾难！
Don’tbeanasole,2018-07-11,较差,7,第一，我觉得这部剧不能叫猎毒人，应该叫猎菜人，因为在电视剧里贩毒跟卖白菜一样容易。第二，再牛逼的演员也会让导演用成傻逼
茗烟,2018-07-10,很差,8,导演和编剧硬伤，还有 几个大腕儿原来就是打个酱油……
最后一棵稻草,2018-07-18,推荐,6,很多说女主角不好，可是人剧本设定就这样，演员不就得照着演，起码人家真哭，不像有的滴眼药水哭。脸也自然，不是僵硬的整容脸，打戏没有替身，不扣图。再说男主角，反正曹操演的电视剧我都爱看，哈哈。
杜若,2018-07-11,较差,6,三星和两星犹豫了一下，最后还是选了两星，因为希望越大失望越大吧。第一集看到了山争和秀波叔，觉得有种非常大制作的感觉。然而过生日开始，就是一种无聊尬戏草的感觉了。剧情拖沓注水，女主演技浮夸，本来严肃的题材到处都是BUG。扑，弃。
静笃,2018-07-16,较差,8,导演编剧浪费演员
浅殇^,2018-07-10,较差,10,第一集就槽点满满，徐丽是智障吗，真是可惜了一众老戏骨。
我不存在,2018-07-15,推荐,5,阵容大于剧情
蛋挞小糖,2018-07-10,很差,9,这个剧，剧情是硬伤啊，太尬了，五集弃，看似很好的演员阵容也拯救不了剧情的油腻感
-LDC,2018-07-07,很差,21,真他妈没见过这么烂的片，而且除了部分大牌演员，其他的演技不堪入目，尴尬
我不爱笑_ed7,2018-07-09,很差,14,知名演员堆起来的烂剧
骏虎,2018-07-11,还行,3,于和伟，徐峥，王劲松，侯勇，吴秀波，我的天！但剧情太尬了。
鸿钧老祖,2018-07-18,推荐,4,这打分也太低了吧？不过这剧感情戏太多，还动不动就唱歌，以为偶像剧啊
电影狂魔,2018-07-23,很差,5,开场的长镜头和各种美剧手法拍女主！嗯我要去！导演抄袭的比较烂
Simon,2018-07-18,还行,3,我竟然还在期待于和伟变身绝命毒师…却忘记了如果那样根本过不了审…
向日葵,2018-07-09,较差,10,没有好的剧本和导演，光有好的演员有毛用。一堆好演员撑不起一个烂剧本。
小巫巫,2018-07-17,较差,6,导演怀着《绝命毒师》的心去拍，结果拍出了《摆渡人》。
Esmisophie,2018-07-07,很差,14,这啥剧本 选的啥女配 什么乡村土气尴尬鬼画风 配得上这卡司么
🥥 °,2018-07-09,还行,4,真是电视剧编剧不给力演员阵容再强大都没用，至于女主不提也罢！
红花继木,2018-07-10,很差,9,这是哪个脑残导演拍出的？这么烂的剧也买？
一念而天地变,2018-07-07,很差,12,"忍着看了2集，先一星为敬。
神一样的剧情，神一样的画质，对不起，打扰了。"
福宝ai,2018-07-08,力荐,25,难得有一部能让我追看的剧。那些打低分的同学，上星剧里还有能看的吗？
瘾,2018-07-09,较差,8,这阵容真的没话说，剧情也让人没话说。。。
Mr.King,2018-07-08,很差,11,这种剧首先就应该弱化女主，既然是卧底缉毒，就应该多拍一些在缉毒一线的内容，而不是浮夸的在演后方的警察怎么煽情，什么戏都要扯到感情戏，真是在逗我，能不能把案情分析放到主线？
monica喵,2018-07-09,很差,6,这剧最好看的是前两集，后面就……编剧导演没常识么？？？
木子言,2018-07-24,推荐,3,剧情的确有缺陷，但分不至于这么低吧，总比耽丑剧好太多了吧！
科比,2018-07-28,较差,5,真的看不下去了，这个卧底能活一天都算命大，各种接头弱智到令人愤怒，没有好的编剧千万不要追求大制作，一整部剧中出现一两处bug可以，太多了就是侮辱观众，堪称伟光正的抗日神剧。只需要看预告片就可以了解全剧了，万事都怕对比，跟面具比起来，这剧也就能拍十多集，能叫人无法快进的才是好剧。
秀水深蓝,2018-07-20,较差,6,一集都没看完，实在看不下去……本来想打1分，多一分给吴秀波的。虽然有一些炫酷的镜头，但是情节做作，硬伤啊。
123、啵一个~,2018-07-10,很差,12,看之前：卧槽，这是啥阵容！看之后：卧槽，这是啥剧情！
Don't cry,2018-07-07,较差,10,国产剧什么时候可以停止塑造傻逼女主呢？
Moe爷,2018-07-12,推荐,14,女主这条线好了起来，故事雏形建立起来了，伏笔还蛮多，相信各大卡司的眼光，最后绝对不会一烂到底的，乱逼逼的还是先看看再说。
大大大大黄,2018-07-09,较差,5,不好看
冰晤,2018-07-11,较差,5,这有些演技 尬的要死了 连三星都平衡不到
游侠一笑,2018-07-21,很差,6,只认真看了半集，29集，追车戏。拍得好像很紧张，努力往“大片”上靠，可看得一点不紧张，还觉得好气又好笑。比《破冰者》好点就是拍“大场面”认真了。但糟糕的剧情是一样的。谁也拯救不了。
Skye,2018-07-20,很差,6,一边看一边笑，用这个演技演一个这么拙劣的剧本，看着就用力过猛
小鱼脆饼,2018-07-22,很差,5,近期我妈看的电视剧中最让人受不了的一部恶心的剧。明明是想塑造为正名角色的警察，只让人感觉脑子有坑、令人讨厌。
稻草人,2018-07-20,较差,6,女主什么鬼啊演技太差了吧，剧情尴尬看不下去，太脑残了。
好姑娘老妖,2018-07-09,较差,8,剧本只值一颗星，为演员加一星。
斯卡夫,2018-07-09,很差,12,去你大爷的蛋吧
cheriechik,2018-07-15,还行,3,竟然花了两天时间去看，这部剧的女性角色基本都是bug，硬是拖了那么多集。天啊，居然有五十集。谁能提前告诉我，到底第几集抓到蝎子，我还决定要不要弃剧。
长征,2018-07-08,还行,2,不算烂片，可以看看。不过和隔壁同一天上映的“面具”还是有一定的差距的。
186****2116,2018-07-06,很差,15,很差
孤鸿影,2018-07-25,很差,5,导演和编剧就是个废物！
姿势撩人,2018-07-08,很差,9,这个水注得太多了。预告片做的蛮好，所谓超强阵容剧里都是客串一闪而过，本身剧情和人物真是快进也浪费时间。
闵晴冬,2018-07-20,推荐,6,开头很尴尬，后来渐入佳境。演技都很好，看到王劲松忍不住哧溜哧溜。对于毒品危害说教并不尴尬，有点感触，算是用心了。
灰酱,2018-07-10,很差,9,看了两集，侯梦莎你的演技怎么了？？简直尬出翔！！
姒寒,2018-07-20,很差,8,我努力了，看不下去，太难看了，编剧脑子里装的都是屎
银发,2018-07-07,较差,22,感觉在嘲笑我的智商，不怕你烧脑，只怕你无脑
江,2018-07-15,很差,1,警察各种坑，一个蝎子十六集都还没有抓到或者干掉。太拖沓了，脑残的编剧弄出来脑残的剧情，四星改一星。
圣墟,2018-07-10,较差,6,女主强行插入，演技格格不入
已注销,2018-07-12,较差,6,莫名其妙的剧情
志评,2018-07-18,较差,4,都不看剧本，瞎接吗？这卡司，出来这么个玩意儿。
宇文,2018-07-19,力荐,6,不管那些喷子怎么说，我喜欢看
ERIN,2018-07-19,很差,8,吴秀波和徐峥在哪里？！
最美的时光,2018-07-09,较差,7,我以为我发现了新大陆，谁知道，早被郑和占领了
公子顾一,2018-07-22,还行,3,昨天发现我弟一直在看，感觉剧情线还是不错，但是突然出现的特写镜头太多了而且看着挺尴尬的
何求美人折,2018-07-23,很差,4,女主角最大的bug。咋就那么爱哭呢。
emily@mushroom,2018-07-07,较差,13,满心期待看了一集，剧情莫名其妙，所有的女演员都看不下去。白瞎了这么好的男演员阵容。
庄生马,2018-07-10,较差,9,前几场戏还挺不错，到第十几分钟开始无聊煽情，一个生日场面居然拍了20分钟？水的可怕😱于和伟演技着急，女演员哭戏捂嘴的标准姿势是要来一段B-Box？？？
猫和刺青-左西,2018-07-12,很差,6,两集弃.于和伟你犯得着演这种烂剧吗？第一集唱歌那一段简直唱的我坐立难安.
句号,2018-07-09,还行,7,这剧女演员除小女警都有点招人烦  情节还是吸引人的 打戏良心  但要废话少些 感情戏精简一些  东方抛弃瞪眼耍帅式演技              剧情拖沓和bug拖了一众良心演员们的后腿  后二十集无视bug很精彩 加一星
徒有虚名,2018-07-06,较差,15,一星给吴秀波，一星给于和伟。女主是走后门进来的吧？演技蜜汁尴尬，一点也不想看她。前两集的剧情太多bug，完全配不上这样的卡司！目测要烂，再好的演员没有好导演好编剧也是不行的。
苗苗,2018-07-19,还行,0,阵容是真的强大，但是剧情一言难尽。
= =,2018-07-16,很差,6,浪不浪费阵容？？浪不浪费我时间？？我看了两集，真的忍不了了
西门小吹炊,2018-07-08,较差,11,这浮夸的演技 辣眼睛。。
tongnixcv,2018-07-17,较差,6,编剧对不起演员，另外，终结者的BGM也敢抄？
未命名,2018-07-23,较差,5,女警察智商让人抓狂
我骑着一辆bike,2018-07-12,很差,6,江伊楠的头发是不是假的
困高的懒先生,2018-07-10,很差,8,卡司很期待 看了第一集 “我要去！”……
吉祥天L,2018-07-20,较差,5,"一言以蔽之，什么**玩意儿。其他烂剧我还能找出几个点吐槽一下，这货本身就是个错误。
(发表以上评论的前提是，我认为他们有能力拍好剧，但就是要糊弄人。)                       在剧里发现一个帅哥，就不打一星了。"
夏天与桃子,2018-07-10,很差,9,白瞎了叔们的演技，女主又用力过猛。另外，编剧你真不是在黑中国警察吗？中国警察真的没有剧里演的那样无能和白痴。
Garyphone,2018-07-14,较差,7,只有我国这片神奇的土壤可以让这帮神演员演出傻剧呢。编剧都是怎么出师的。
南渡北归,2018-07-07,较差,16,诡异的配乐，诡异的剧情，刑侦片漏洞百出，场景布置悬浮科幻，再多大咖也救不了！
妙旨先知,2018-07-08,很差,6,就是想知道为什么一千评论没有评分
卖萌的九色鹿,2018-07-12,较差,7,看到现在，真是够讨厌江伊楠这个人的。简直就是个智障！冲着于和伟才给2星，要不一星都多余！
Dagny,2018-07-21,较差,5,剧情配不上叔们，女主配不上剧情
妮儿,2018-07-14,较差,4,波叔😂
四十九,2018-07-27,较差,3,受不了里面的女演员们，还有动不动就煽情的剧情，啥玩意
看见了吧,2018-07-10,很差,6,这么傻X的剧本是怎么过审的？主创都不带脑子？
团团团团团,2018-07-15,较差,7,不，我要去，你让我去我要去，你不让我去我就自己去，加上正脸大特写，我就知道，这部剧完了
落冰云,2018-07-27,较差,3,一群好演员也撑不起一个烂剧本……
柠檬柚子茶,2018-07-13,还行,4,主题还可以，剧情是硬伤。
帅哥的小迷妹,2018-07-11,较差,5,呵呵，演员阵容吸引人，剧情硬伤
Horrypure,2018-07-11,还行,5,一般般
巴啦啦小龙仙,2018-07-10,很差,8,本来想看其他帅大叔的，但是看了两集实在撑不下去了，于和伟的演技和现今偶像剧男一平起平坐，但是他没有偶像剧男主的脸啊太他妈丑了，是那种没气质没气场很怂逼的那种丑!
行走的胡萝卜君,2018-07-07,很差,12,90后导演果然不靠谱，一星给老戏骨们，再见！
中華慕斯妹,2018-07-18,力荐,8,赵毅牺牲了，我好难过
荡荡如系风捕景,2018-07-24,很差,3,预告片中为什么要插播正剧。。。
盯裆瞄,2018-07-16,很差,4,全剧尴尬，女主怎么选的
爱看球的人,2018-07-22,很差,5,看演员阵容还以为是特种兵的某一部续集，剧情没啥亮点，看了不到五分钟就换台了。
塔伦提诺,2018-07-13,很差,3,二十分钟阵亡
陈华仔,2018-07-11,较差,4,除了吕云鹏和赵毅的镜头，别的都可以快进完，什么玩意嘛
舟三,2018-07-08,较差,4,看了两集，果真是好的剧本新的演员也可以撑起，垃圾剧本再好的阵容也是尴尬到一批。
水中的喵菲利亚,2018-07-12,很差,3,不知所云。
姚姬旦de翻身垸,2018-07-12,很差,8,这种斗智商的戏还烦请只想撩男上司的陈童这位不合格的女警早点领盒饭。其他那些儿女情长也省省吧，工作里怎么能带入情感，动情就是自己作死的输。至于只能搅局而且不停搅局的女警徐丽真的不是毒方卧底吗。烈士外加儿子都被杀了，警方不告诉家属实情吗，加上坏事白痴的女儿，编剧是对女性有仇吗。
Carmen小瘦子,2018-07-13,很差,5,披着《毒战》外衣的家庭伦理剧，看完第一集很难令人继续坚持看下去。难以置信，到了2018年了，还能在电视剧上看到如此狗血的剧情。白瞎了打了一轮酱油的卡司，还被放在封面上被宣传，低劣的宣传手段。
三岁的刘宝宝,2018-07-09,还行,5,本来冲着女主看的，但是现在想把女主减掉，真的这剧除了女主都挺好的。女主人设不好，还有点尬。对侯梦莎有点失望了。
木尾巴,2018-07-26,较差,3,怎么说呢的，再好的演员都拯救烂编剧烂导演烂剧情，2颗星都是给演员的
A,2018-07-20,较差,6,这种神仙阵容怎么拍出这么一部流水账......剧本太烂了
Sapphire妞,2018-07-08,很差,9,看了一下短评 原来大家都是这么认为的 白瞎这么强大的阵容了 那个什么女实习生 看的尴尬癌都犯了 这么好的题材 就不能按照正常人的思维好好拍部剧么
RH,2018-07-12,力荐,12,好看，喜欢这种类型的电视剧，剧情演员都喜欢，就是节奏有点慢
AdaJ,2018-07-11,较差,5,本来超期待的阵容，怎么就那么执着于矫情的煽情呢。女主的戏大段跳过对剧情毫无影响。
废柴收购站站长,2018-07-16,很差,5,你信不信把那两女警的戏份删了评分还能再提高一点？
沈烟,2018-07-20,很差,6,挺有潜力的剧，结果人设不牢，剧情拖沓。导演完全掌控不了，可惜。
武定路一姐,2018-07-27,很差,4,两个女性角色快蠢死了，这是故意的吗找这俩人??尤其是那个梦瑶…第一集如果死的是她留下的是小峰该多好，妈蛋!
ruke87,2018-07-08,较差,8,前两集的强大卡司，完全带不起这剧的水准，不专业的女主徐丽，和实习警察暧昧的队长魏海
叶落深秋,2018-07-10,还行,1,"第一集这些大咖都是来打酱油的吗 出场只有一分钟 不应该立即把他的家人保护起来吗 看来要走孤胆英雄的节奏？
看到目前 实在太讨厌女主了 感觉完全无智商 只会咆哮 而且屡屡坏事啊 失误大王吐槽太狠了！

魏海还不错啊 啥时候 吕云鹏能打入贩毒集团"
Jane,2018-07-11,很差,4,期望越大，失望越大！一集半弃
Katherine,2018-07-07,很差,10,粗制滥造，拉上两个顶级大腕垫背。用的是上个世纪的制作班底吧？服化道剪辑节奏剧情推进台词等，还停留在90年代，怎一个low字了得。
觐威,2018-07-10,很差,3,蠢哭
特立独行的猫,2018-07-18,较差,5,也就赵毅能看了，结果这么快就死了
仰望星空,2018-07-13,较差,3,剧情太差到处是硬伤，真是浪费了这么多大咖助阵。
Au Revoir,2018-07-06,很差,24,女主真他妈垃圾 到现在都看不到徐峥和王劲松 于和伟一个人在这撑场子 搞啥啊
暮暮朝朝,2018-07-08,很差,8,拿着国民大叔溜了一圈粉，然后就没然后了，严重的感情伤害罪，可恶可恶可恶
白色的龙介,2018-07-08,很差,6,"演员方面，缉毒警察，男的小白脸女的整容脸，气质这东西不符合演🐴呢？
剧情方面，台词拖沓到令人发指，减到50％不影响对剧情的理解。"
灰灰灰,2018-07-06,较差,12,卡司不错，但剧情有点尴尬，还有女警完全没那种雷厉风行的感觉，枪战也是很无语。演员和剧本都上乘才能有一部好剧！
饭量很小,2018-07-11,较差,3,本来还指望着能成为中国版绝命毒师的，结果，感情戏出现了……
易木,2018-07-07,较差,14,看了几分钟，要不是吴秀波出场，估计早换台了，预测会扑街。还有，男演员阵仗这么大，女演员都是什么烂鱼烂虾，全程都太尬。
铃儿响叮当,2018-07-10,较差,2,看这阵营以为很好看，结果一开始以为是主角之一的吴秀波就挂了，然后应该保护家属的女警居然既不给人家提个醒，也不跟同车保护，这剧情我都惊呆了！
流年*指尖的沙,2018-07-18,较差,6,除了赵毅这个角色  我不知道这有什么好的看点   女主真的是超级尬呀
杜若花开,2018-07-14,很差,4,原本是冲着徐峥和波叔来的，结果就那么几分钟的戏，想说于和伟也不错，看看吧，结果剧情扑街了！失望攒多了就只有弃剧一条路了！！！
百里苏苏,2018-07-07,推荐,22,演员阵容很豪华，剧情创新性较差，但镜头场景间的切换很有节奏感，剧情推进较为紧凑。演员对于人物角色细节的演绎很细致。张丹峰这也在忙着转型啊。
ARS_胆小鬼_双,2018-07-11,较差,3,哭戏太多了，bug还有点多
NoTeaNoShade,2018-07-19,较差,3,看阵容你怎么也想不到这部剧会这么难看！
齐格飞,2018-07-20,较差,5,没见过这么脑残的剧情，当毒贩傻逼吗？剧集还没过半，这脑残主角十个都不够杀的吧。就算编剧业余，剧情也不能这么业余
阿狸喵喵喵喵,2018-07-18,较差,3,实在无法忍受女主为代表的一众女性角色，弃剧，编剧不是直男癌就是和女人有仇。至于这剧其他的不合理，懒得评价。
令狐葱,2018-07-07,推荐,16,王劲松 徐峥....这配角也杠杠的呀
我就想看好电影,2018-07-10,很差,4,1集又5分钟直接扔 剧情什么垃圾玩意 神他妈保护 保护就一人跟？三个死两个这就是保护？？？？？
走进科学1986,2018-07-08,还行,10,其实剧本的题材立意还是不错的，但是在情节和剧情设计上经不过推敲，而且桥段有些重复和啰嗦。把婆婆妈妈的感情戏删掉一些，让剧情紧凑些，后面楚门和吴家势力的斗争早点表现出来，这剧就是一部神剧。
逡巡大帝,2018-07-12,很差,4,剧情拖沓，演员演技不行啊，女演员拖了后腿。皇叔不适合现代戏
tiiany,2018-07-16,较差,4,女主……有没有没女主版本，一星给男演员，一星给题材，以后请找好编剧好导演和好女主，来拍这么伟大的题材
美丽心情,2018-07-20,较差,6,看了一集实在看不下去
Benedictday,2018-07-22,还行,1,这都过半了，突然变好看了一些？？前面真的拖太长了，要是控制在二三十集评分情况应该会好很多
此木为柴,2018-07-09,较差,5,五集弃剧，所谓卡司，吴秀波，徐峥，王劲松，，，都是酱油，还放在海报上，骗鬼啊。
什么,2018-07-15,很差,4,看了一集，女主的这个人设和表演我真的完全无法接受啊！一个女警察如此不专业和情绪化，时刻苦大仇深的样子，自己演的时候不尬吗？一集弃
沸沸,2018-07-21,较差,3,女演员浮夸的演技。。。
八月溪风,2018-07-08,很差,7,请一堆神仙演了个辣鸡？
先白,2018-07-22,还行,0,下饭剧还不错呀 不过波叔出场也太少了吧
Sharon的柠檬汁,2018-07-08,很差,5,剧情很一般啊，都不合逻辑的。
切克闹,2018-07-25,力荐,5,如果没有感情戏，再减掉梦瑶母女的戏份，这部绝对值5分，打5分支持下，后面贼好看！
央槿,2018-07-09,很差,7,辣鸡
我不属于银河,2018-07-17,还行,1,其实没那么差了，快进着看主要剧情，打及格分是完全没问题的，只是演技都够及格了，毕竟不是鲜肉流量局。不过。。。女主确实找的有点失败
花小蕊,2018-07-09,很差,2,剧本真是有问题，太拖沓。女主没有观众缘.实在看不下去了，真是浪费资源
天生丽质好胖子,2018-07-16,还行,1,高智商是怎么好意思标榜出来的  不如直接改成二愣子富少复仇记了  我估计警察观众一定想踹死编剧 警方办案手法基本没有 调查能力基本为零  行动能力为负数 失误技能点点满星了  大哥的女儿真的蠢爆了    一直标榜高智商的化学博士全程找机会在肉搏  实验一共就两个仪器瓶  做毒药连个口罩都不带吗  我觉得我每一集都能喷五百字起步槽点实在太多了  要不是为了看一眼徐峥再弃真要吐血了   连BGM都要抄袭白日追凶  除了为了看徐峥另一个动力全靠赵毅在支撑
广告歌g,2018-07-10,很差,2,就这样吧，剧情太烂，也太慢。可惜了所谓老戏骨。弃剧了。
noni,2018-07-18,很差,6,逻辑太幼稚了，女一的戏最尴尬，简直就是玷污女警的智商情商...情妇的角色倒是很合适...我不是在说这个演员，我是在说编剧，毕竟台词太致命了
Jalie,2018-07-12,较差,5,哪怕有吴叔叔徐叔叔等众多黄金配角客串也拯救不了这个团队从染指抗战神剧到特种兵到民国卧底如今又到警察刑侦毒枭土匪的剧，其实题材都是百年玩不厌的奈何编剧导演烂的一比，演员有些有演技可是也拯救不了整体的差。
梦断沉浮,2018-07-08,较差,3,编剧太差，好多剧情莫名其妙。
哥在的路超稳,2018-07-12,较差,3,2星给于和伟
2僧,2018-07-19,还行,4,各种bug，不知道什么时候开始流行的女主招人厌的设定，一群直男癌编剧？完全就是男权主义电视，以为他可以去卧底当厨子，谁知道编剧没啥好好作用他化学博士这一点，基本等于化学博士卖专利值钱，感觉就是开局抄袭绝命制毒师，中间抄袭无间道或者破案啥的，显得高智商，其实都是把那些人当傻子了。
专业务员,2018-07-10,很差,5,剧情太烂台词尴尬配不上有演技的老戏骨啊
Kagura,2018-07-24,很差,4,我就说这么多老戏骨眼睛都瞎了吗？ 一看导演 和导演大校的老爸瞬间明白了 可以可以 你开心就好 两拨人枪战十分钟一句台词 带？？走。。然后追车十分钟 70年代AV都比你拍的好 导演你真的毕业了吗？敲里吗的有背景就能上黄金档恶心人？
dd哒,2018-07-16,很差,3,这阵容，怎么感觉都不会难看呀。就是难看得一塌糊涂！忍不住骂脏话，这年头阿猫阿狗都能做编剧了？什么破烂剧情，浪费一众演员。另：一直觉着小鲜肉、瘫星挨斗面瘫毁剧，我道歉。女主的“演技”刷新了毁剧的下限，小鲜花们可以开心死了，多了个垫在底下衬托演技的同行。
少剑,2018-07-08,很差,6,"最终评分应该低于4.5！ 涌进这么多水军，这片子基本完了。 不靠剧情靠水军，水军能拯救世界维护世界和平了。 这么大的卡司阵容，以为有什么大事要发生。结果咩，那个女警一出场，烂剧苗头就出来了，第一集最后，这女警居然没领盒饭，烂片本质没错了。投资方是来侮辱观众的嘛？"
天师章,2018-07-07,很差,12,谍战烂剧，神逻辑神剧情神演技神TM…………已弃  吐槽见长评
鬼厉t-bag惄苨,2018-07-23,较差,4,节奏太慢了，情感戏那么多闹毛啊
孤僻的关耳君,2018-07-18,较差,3,不接地气有时候并非只有编剧愚蠢，置景、服化道和导演一起让一个原本可以很现实的段落直接悬浮起来。看了五集，越看越气。第一集原本是该非常紧凑，非常抓人的，结果每个人物都乱七八糟。于和伟的实验室布置的跟“快乐星球”一样，剧组这个审美真是没得救。
Leave,2018-07-12,较差,2,看得人捉急。
队长别开枪是我,2018-07-19,很差,3,白瞎了
Klavin,2018-07-28,很差,0,都什么年代了，整个视听效果还是十多年前的电视剧观感，一些场面的运镜让我想起高群书2000年初的《命案十三宗》，还能再跟不上时代点不？
啦啦,2018-07-11,较差,5,这也太迷了，莫名其妙的情绪渲染和剪辑以及女主莫名其妙的演技
李木木,2018-07-07,很差,12,本来冲着卡司阵容打开了，看了半集表示打扰了
一不小心注册了,2018-07-19,较差,5,尴尬的女性角色毁了这部剧
伊蒂克,2018-07-13,较差,3,又乱又拖，弃了
陈久散,2018-07-08,较差,6,徐丽是个什么jb鬼，就她耽误事，害死全局啊
maple,2018-07-23,较差,3,硬伤多得吓死人
想说什么说什么,2018-07-13,较差,5,本以为会很好看，结果期待越大失望越大
张百万,2018-07-08,很差,4,哈哈哈哈哈被整容脸们恶心到没脾气。
925,2018-07-10,较差,5,剧情是硬伤
林奚,2018-07-09,推荐,9,去掉演技浮夸的女性角色我可以再加一星
wind,2018-07-15,很差,4,尴尬死了
啊南,2018-07-13,还行,2,昨天晚上一口气看了六集 但是真得说冲演员演技看的 这编剧能对得起这个阵容么？什么剧情 第一集就槽点那么多 徐丽当了那么多年警察 就是这么保护的？ 小峰死的莫名其妙 什么编剧这是……
茄子飛魚2017,2018-07-09,很差,3,社会主义核心价值观版绝命毒师……
╃無關緊要,2018-07-14,较差,3,演的警察没有智商似的，什么玩意
无处安放的青春,2018-07-12,还行,3,一开始完全冲着于和伟，吴秀波，徐峥的阵容看的，但吴秀波和徐峥根本就是打酱油的啊，根本没什么戏份，宣传海报里居然还把两人摆那么前面，就是欺骗观众啊，而且这部片子剧情台词是最大硬伤，情节不紧凑，台词不严谨，也没有表现出于和伟的好演技啊，除了于和伟其他的演员也都没有亮点。
rainy,2018-07-15,很差,3,果然一集看不下去，2.0倍数都嫌慢
零零发,2018-07-25,还行,0,王劲松老师一星，于和伟一星，整体一星，虽然毒贩大兄弟们智商都特别感人，但4.3真不至于吧……隔壁1001夜都5.0，过分了
苏樱,2018-07-07,推荐,17,感觉有点像潜行狙击和无间道。。。只看了片花，演员阵容很强大
班布,2018-07-11,还行,2,编剧太烂，对不起题材和主演，女主用力过猛，整部剧智商在线的恐怕只有魏海了
叶灏影,2018-07-18,较差,2,弃剧。
shadowmz,2018-07-07,很差,11,改了，一星给大叔们的友情出演…余下的剧本，制作和剪辑……没什么值得说的…其他演员一对比真的很尬了，尤其女主～那个“我要去！”我去！我抖了一下的，没有对比就没有伤害。而且这种悬殊导致我根本入不了戏，这种对手戏两边演员根本不在一个频道上，蜜汁尴尬。
BruceZL,2018-07-06,很差,9,明山那边的警察怎么演得吊儿郎当的？！那个叫陈童的实习警察什么鬼？卧底家属都是被警察坑死的。。。保护的太差了！那个江警察还贼任性！
南 ことり,2018-07-08,较差,5,感觉拿着最好的牌，打出了最糟糕的结局。
无名小刀,2018-07-21,很差,4,完全看不进去，编剧和剪辑什么鬼
月棠暗香,2018-07-19,很差,2,这部剧成功的告诉了我们好演员不仅不能拯救烂剧本，而且还会被烂剧本拖累成演技渣。
不懂,2018-07-24,还行,0,我冲着演员看的，但演员都留不住我。。。
Lime,2018-07-14,较差,2,第一集除了缅甸那边的两个大佬机场的大哥感觉镇住气场，其他的感觉都是很一般的内地警匪……剧情推动上也完全没有看下去的欲望
R.C,2018-07-08,很差,4,这烂剧，找些明星充当盒饭角色，装假狗，骗人气，一个镜头之后死的死，没的没，戏份就此结束。留下来的主演、配角演戏那个假，剧本也是差到不想说。机缘巧合（狗屎运）碰上看了你一集，太幸运了。
米饭碗,2018-07-14,很差,2,就第一集里男主在马路车行道正中间快乐地放烟花，以及把化生实验室放沿街面的房子里，开门进去就是做研究的地方……就大概知道这剧啥水平了
鸿竹,2018-07-20,很差,7,于和伟缺钱了 还是被绑架了 拍这么个裤裆手榴弹神剧 作死的节奏吗？从一半开始看的，这边于和伟跟蝎子搏命，那边穿着防弹衣被人打一枪，女主个傻逼那么爱于老师还有功夫安抚队友伤着没？！尼玛不分轻重吗？！还有美剧绝命毒师都有个成长过程，于老师直接从傻不愣登过渡到文武全才，编剧吃屎了吗?!
起舞弄_清_影,2018-07-10,还行,6,越看越想打女主，怎么这么讨厌，不可理喻。
浮云时事改,2018-07-20,还行,1,国产剧拍这种类型果然剧情不行 像变成国产的绝命毒师不现实，因为不符合社会主义核心价值观
祝你百事可乐,2018-07-11,较差,5,这些演员拍出来这样的剧？？
qinzha,2018-07-09,很差,5,剧本烂台词烂演员烂，而且、作为主演的于和伟，演技也是烂到，完全看不下去，看过超时空同居里他演的那个烂博士我还有点疑惑，这里只能给他坐实了…
抠搜小怪物,2018-07-10,较差,5,看了第一集之后强忍着继续看，后来才发现第一集真他妈好看😂
K1,2018-07-20,较差,5,当那个女警冲着公安局长咆哮说:无论吕云鹏是死是活，我.都.要.去！！！的时候我就知道这剧要崩
桐树林的布谷鸟,2018-07-26,很差,4,你大爷的，我是来看刘玄德的，结果让编剧和几个娘们毁了  白瞎了曹孟德的演技！
Charlie,2018-07-26,很差,4,乱入一个美团的小哥 能不能用点心
Tarakudo,2018-07-10,较差,5,集齐了一众实力大咖，结果剧情稀烂  男频小说开金手指打天下的既视感。编剧不去写男频小说真的亏了。剧中女性角色无论从人设还是到演技都令人不舒服，看了前几集  大概唯一的亮点就是《寻》吧。编剧的实力配不上这个卡司
be with you?,2018-07-13,较差,3,江伊楠坏事起来还真是挺专业呀
表姐电影,2018-07-12,很差,3,剧情一堆狗屎，人物没有一个智商在线的。滚！
joke,2018-07-08,很差,4,要不是这几个老戏骨，一星都懒得给，剧情稀碎
了吧唧,2018-07-16,很差,5,这位大姐，第一集就吼上司？！这可不妙，这习惯得改！
Krjishhfvuw,2018-07-10,还行,0,剧情太差劲了，演员还是不错的
吉冈的～玻璃杯,2018-07-14,很差,4,烂成渣…你倒是和《黑冰》学学啊…
阿卡姆老业主,2018-07-07,较差,10,冲着一群演技派点开的，前两集的剧情十分拖沓，出场的几个主要人物也没有出彩的表现，刚出场的反派和警察都是典型的脸谱化角色，50集的设定感觉是一个大坑
186****0246,2018-07-25,很差,4,剧情不b  反正看到有女演员就跳过
申小平,2018-07-06,很差,9,看了半集看不下去了，希望后面能有高分给我再看一看的动力
Jongkhurun,2018-07-13,很差,8,这个阵容感觉很厉害很精彩的剧 看十四集了 每集都看那个丑的一批的女主 嗷嗷坏事 嗷嗷哭 全是感情戏 全程尴尬的感情 一点智商都不带 神烦 国产电视剧跟外国电视剧区别就是 国产片喜欢加乱七八糟的感情 爱情什么屁玩意 看的我真恶心  真服了 垃圾片 追到现在完全因为于和伟徐峥
Bakaemono,2018-07-08,很差,5,这剧情介绍还敢说这个科学家高智商高学历？看了一集简直跟猪一样，身边也是猪队友，实验室的钥匙随便就给了自己侄女，在实验室里还把人家快递拆了，毒贩子想要啥就给送啥
郑州设计师,2018-07-08,很差,6,被宣传海报骗了，徐峥和吴秀波是来客串的就露了个脸。
冉子木,2018-07-08,很差,7,请更名为：乡村缉毒警察的爱情故事、烟花化学专家的暴躁人生、世界如此美好我却偏要作死……
ACE,2018-07-10,较差,4,看见侯梦莎、傅程鹏、徐洪浩我就知道要出事，在被刘猛剧支配的恐惧中瑟瑟发抖。
lvqing,2018-07-09,较差,3,演员阵容强大，剧情太薄弱
你可长点心吧,2018-07-10,较差,3,近些年这些悬疑剧都变得好脑残。
贺峰丈母娘,2018-07-10,很差,5,有点失望
KyleKKK,2018-07-20,较差,4,导演和编剧对不起演员。
旧时光,2018-07-16,较差,0,我朋友竟然在追这个剧！！！
fufu,2018-07-17,很差,8,看过5集，剧情缓慢一直进不了正题，女主就是添乱的，男主就是乱撞的，不知道为什么一直没被弄死？是主角光环吗？
Jing,2018-07-17,还行,4,镜头运用还不错的，演员都不错；可以的，三星半；卧底归来的确更好看！
Gemini米勒,2018-07-11,推荐,4,剧情磨叽去掉一星，40多分钟没一点干货！
Napier,2018-07-20,很差,5,太难看了
爱雏菊的Daisy,2018-07-12,较差,3,太难看了，于和伟怎么会接这么差的剧本
安康,2018-07-25,较差,4,剧情一堆bug，这次可是基本都是实力派演员。所以能不能别总是抨击年轻演员了，是中国影视制作编剧导演都有问题，每次都让演员背锅不好吧
宇宙第一荷官！,2018-07-10,较差,6,和程锦云一样的女主诶，希望能出cut女主版
Guiano,2018-07-17,很差,5,对不起卡司系列。警察无能系列。女主毁戏系列。
小黑眼圈,2018-07-17,很差,3,这剧情 真的mdzz！
猫君。,2018-07-12,很差,5,女演员让人尴尬死了。十五分钟弃剧
木木,2018-07-22,还行,2,对不起这么好的阵容，每集看个预告就可以了
少年锦时,2018-07-27,较差,2,又一部被奶死的剧？？？毁于女主，播放量那么高讨论度全集中于智障女主。
薄荷猕猴桃,2018-07-10,较差,7,我觉得不太好看，一集下来都没啥内容。
不如繁星,2018-07-17,很差,6,基本所有女性角色的智商都是不存在的，双标得不要不要的。这特么卧底？分分钟被揭穿
茜红柿炒蛋,2018-07-22,较差,3,这编剧确定是来抹黑我们光荣的缉毒刑警的！
妖精的妄想,2018-07-10,较差,6,女演员集体失败，吴新河也太老了，于和伟和吴秀波就是来卖片的吧
发财葵吉庆有余,2018-07-15,较差,4,真的是非常差，我个人觉得编剧要负很大责任，这是觉得我们观众都是小傻逼么？硬伤无数，奇怪的逻辑，摸不透的支线设计，乱码七糟的情感穿插，我发自内心当玄幻剧看的。
泡泡泡泡茶,2018-07-22,较差,5,史上最弱警察，怎么通过审核的
安雅1314,2018-07-13,很差,4,有一星么？第六集2个女人抱一起哭个啥，我都想死了，不合适的煽情，对不起实在哭不出来！
Kilo,2018-07-25,很差,4,太烂了，这些男演员到底有多少裸贷借条在投资人手里，拍这么个烂片🙄️
爱与诚,2018-07-13,力荐,3,cnm，傻逼编剧给我滚出来 你TM写警察能不能写得专业点，这傻逼女警察哪儿冒出来的？？？
whitePanada,2018-07-12,很差,3,这剧的阵容可能就至少值得四颗星，但导演还是拍成了一星剧，真tmd醉了
小晨哥哥,2018-07-19,很差,5,一分给这么多大腕辛苦分
Aaron,2018-07-14,较差,4,若不是缺乏化学知识和刑侦手段，这么好的题材让我接过来写吧。 还以为能有一部中国的《绝命毒师》，结果却又看到了一部缉毒笑话。
秦晏倚风凉,2018-07-08,较差,1,两星半。拿着实力演员阵容大力宣传这是常规操作，但开篇走秀一样的秀自家主演秀了整整十分钟再无任何意义，这是奇葩操作。后期剪辑简直庸才，不懂叙事，两集讲了二十分钟能讲清的内容，节奏很迷，需要紧的时候蜜汁松懈拐去扯淡，头两集就过满地使用bgm和过度地抒情让我觉得是在看最后两集。
BlackBird,2018-07-16,很差,4,看了辣眼辣心，彪悍的演技，横七竖八的剪辑，对话跟大街上找个人聊天一样前言不搭后语。
安安安安安啦！,2018-07-19,很差,4,编剧干嘛的？这剧情简直是无法直视了
玫花可可冰,2018-07-17,很差,0,坚持到18集我再也看不下去了（之前因为懒得换剧勉强追着），于和伟工作室有毒吧，前一个下一站别离的剧本也烂的跟狗屎一样
蓝莓海帆,2018-07-16,很差,4,剧情太烂
野球少女,2018-07-19,较差,5,这种阵容是怎么做到剧情稀烂的？
小昂提,2018-07-16,很差,3,太JB傻了
不知道,2018-07-17,很差,2,看不下去了，奔着于和伟，吴秀波，徐峥去的，简直烂的一笔
栗子又荔枝,2018-07-17,较差,2,吴秀波在哪。
义爹爹,2018-07-18,很差,2,说好的高智商高学历呢？炸药被掉包都不知道？
看我真挚的眼神,2018-07-07,很差,8,男主还是继续演中老年契约婚姻吧，否则披着禁毒的皮害我转台还要看两眼，浪费我时间啊，一集游的大牌放在封面当主演一样宣传不尴尬吗？摄影烂的一逼
你猜我谁啊,2018-07-21,很差,3,剧情差演员救不了
henckney,2018-07-26,较差,3,国产电视剧最大的毛病故事讲不好，请再多好演员也白搭，论一个好编剧的重要性😂
海上明月,2018-07-11,较差,2,这阵容 这剧情…………
乔帮主,2018-07-11,还行,2,没想到老戏骨拍得剧也会不好看。
Victory Grace,2018-07-11,很差,3,又是 “愚和伪” 这个骚浪贱蠢的闰土老大爷，骨子里的发情老公狗婊演犯贱，指着发情犯贱吃饭，卖骚卖丧喝酒。
就不告诉你_,2018-07-28,较差,4,本来挺期待的 整部剧女一都在哭……换个女一就ok了
念念不忘,2018-07-23,推荐,1,感觉还可以，剧情挺烧脑的，演员的演技不错，我觉得挺好看的，喜欢这种类型的电视剧。
热锅上的蚂蚁,2018-07-09,很差,4,冲着阵容去看的，剧情实在对不起卡司
沧海龙吟,2018-07-16,还行,2,这剧情绝对的硬伤，怎么烈士牺牲都不能和家人说清楚？都已经牺牲了害怕泄密吗？然后导致一系列误会，还死活嘴硬地为了谁谁谁安全。但是感觉这些都是造成不安全的全部起因。特别是江伊楠，感觉整个剧最大的Bug 就是她了
龙树,2018-07-10,很差,5,本来冲着众多演技派演员来看这部剧的，看了一集就被拖沓的节奏和演员莫名其妙而用力的演技搞得实在看不下去了，后来强忍着又看了2集最终放弃了。
厨子不做菜,2018-07-12,很差,3,这剧本才是真的有毒了。
李焦焦,2018-07-08,力荐,11,不懂为什么刚开始播就评分这么低，明明超好看的啊，题材阵容都这么好
兔只姐姐爱阳光,2018-07-10,很差,3,好剧一开始就应该是好剧…河神一开场就吸引我 白夜追凶什么都是
牛仔马洛,2018-07-08,还行,5,一众大咖，演技没话说。场面带感，但剧情没达到期待
小咸居士,2018-07-10,较差,6,墙裂建议换一波制作团队！灯光摄像音乐全换！！！！
残零落花,2018-07-26,很差,2,剧对不起这个阵容
Rosehelen,2018-07-24,较差,4,真可惜了这么强大的演员阵容
酥,2018-07-15,较差,3,这剧情担得起这阵容卡司吗？
